,address
0,0xadacee6b3160d44f73b18157fffdebe033788a1f
1,0x98534eb57ec3f873a4367054bcd7ff7ea8ca382c
2,0x4c3b9ca57efcfb3cbdf990f3f2c7ac8a3979584d
3,0x9be06e66abadf056cea6674d532c13e7500ff7e7
4,0x3266d7c43429124cec16ea5cfb42808570bcecf8
5,0x030ac093aea737f4762444fb7b9a6edad223b466
6,0x98e0268e190a02b5b933c940815a543d5e7ff3f0
7,0x16b018a9b6516523431aeeb3ec88084bb64d83be
8,0xe4a682c2338724a2a19f4f745f1767579f353a4c
9,0x62704246824366a59fa3cabe7219ac4956bf5bbe
10,0x932546156a3c54dd757781db8e4a3b3f2c2af466
11,0x1bc98417ec1941bd292d36e1ffdc6c5adf0d3311
12,0x8b616f937029e4982db217ea85fb69775daba602
13,0x64de4fe06b3244818145dbfe84ffc01ac4383bb2
14,0x041131496be57fab5d9eb918db1bbc8193885dd8
15,0xce1550a6870b32129fe5145a57f7a1438ae72ee2
16,0x5c29edd17f7b88527e47408a4a0a9a00608a2947
17,0x34639e99466697ed80c94830160f622333b63057
18,0x5222cbc53d52d44828072f132bd6407ffda2d1a7
19,0x9b333aa2b927f4e07de03fb80bf43622886d3147
